Organization ID,Organization Name
1,"Williamson, Hirthe and Bahringer"
2,"Kuhlman, Reinger and Stoltenberg"
3,"Sanford, Frami and Paucek"
4,"Swaniawski, Schuster and Ankunding"
5,Roberts - Davis
6,"Murphy, Hamill and Gerhold"
7,Dickens LLC
8,"Shields, Conn and Yost"
9,"Runolfsson, Dickens and Towne"
10,Kshlerin - Cole
11,Prosacco - Mosciski
12,Streich - Dach
13,"McClure, Zieme and Boehm"
14,White - Runolfsdottir
15,"Turcotte, Moen and Lueilwitz"
16,"Flatley, Altenwerth and Lueilwitz"
17,"Schimmel, Schroeder and Little"
18,Greenfelder Group
19,Hammes Group
20,"Rolfson, Bednar and Runolfsson"
21,"Hahn, Lockman and Mann"
22,Stehr and Sons
23,Hoppe - Predovic
24,Gerhold Inc
25,"Lynch, Hane and Connelly"
26,Homenick LLC
27,"Prosacco, Greenholt and Champlin"
28,Fahey LLC
29,Jones Group
30,Barrows - Howell
31,"Williamson, Leuschke and McDermott"
32,Schamberger Inc
33,Mills - Hilpert
34,Smitham - Pacocha
35,Schneider Inc
36,"Collins, Hand and Fahey"
37,"Rowe, Steuber and Prohaska"
38,Johnston - Waelchi
39,"Ortiz, Kozey and Stamm"
40,Schaefer Group
41,Weimann Group
42,O'Connell Inc
43,"Ondricka, Koelpin and Gutkowski"
44,"Breitenberg, Smitham and Wolff"
45,Lebsack LLC
46,Watsica Group
47,Quitzon - Kovacek
48,Upton - Rohan
49,"Rohan, Daniel and Wintheiser"
50,"Smitham, Hand and Green"
51,Wilderman - Stokes
52,O'Connell LLC
53,Witting - Cormier
54,Jacobi - Monahan
55,Ziemann LLC
56,Harber Group
57,"Kuhlman, Kautzer and Schuster"
58,Kuhlman LLC
59,Cassin Inc
60,"Runte, Lindgren and Osinski"
61,Conn Group
62,Wolf - Heathcote
63,"Feeney, Kihn and Abshire"
64,"White, Herzog and Mraz"
65,Trantow and Sons
66,Simonis - O'Reilly
67,Deckow - Huels
68,Kautzer - Hagenes
69,"Mertz, Aufderhar and Ratke"
70,McCullough and Sons
71,Olson LLC
72,Douglas - Jacobi
73,Berge and Sons
74,"Reinger, Mann and Veum"
75,Parisian - Christiansen
76,Howell - Harris
77,Abshire Group
78,"Lockman, Lowe and Mayert"
79,Bergstrom LLC
80,"Langosh, Barrows and O'Reilly"
81,"Connelly, Bruen and Jacobs"
82,Cormier - Gaylord
83,"Stehr, Donnelly and Hyatt"
84,Berge and Sons
85,"Stoltenberg, Jacobi and Reynolds"
86,O'Connell - Rowe
87,Bergnaum Group
88,"Bernier, Sporer and Bergnaum"
89,"Stoltenberg, Nienow and Thompson"
90,Hahn and Sons
91,"Reynolds, Hagenes and Feil"
92,Heathcote Inc
93,Kling - Mayert
94,Koepp - Wiza
95,"Koch, Jerde and Fritsch"
96,Durgan - Morar
97,"Hodkiewicz, Bernhard and Mueller"
98,"Moore, Dibbert and Spinka"
99,Schmitt LLC
100,Langosh Inc
